2               GaryB              gpb@eng.cam.ac.uk
3               JustGettingBy              netorder@bellsouth.net
4               MusicTobi              tobias_k@gmx.net
5               rosesbyrosex              saulalonsopalazuelos@outlook.com
6               mrostaing              mrostaing@wanadoo.fr
7               Voltago              fstangl@gmx.de
8               friley64              friley64@yahoo.com
9               Burnt321              jmsmusic55@gmail.com
10               DH-T-BTF              danielahogan@hotmail.com
11               TW5011              tw5011@conwaycorp.net
12               Shoehorn              euhlhorn@swbell.net
13               Eodipo              rdk@home.nl
14               Tj Shredder              stefantiedje@googlemail.com
15               davisan              davisan2@gmail.com
16               iScream              ice-cream16@yandex.ru
17               evilantal              evilantal@gmail.com
18               kbkevinbyrne              kbkevinbyrne@gmail.com
19               slice              kallekoerner@t-online.de
20               rimraz              rimrazmusic@gmail.com
21               keepitsimple              tdwctdwc@gmail.com
22               Jazzaria              lospam@gmail.com
23               Herr Mahr              derherrmahr@gmail.com
24               tommygunster              thisoldwarehouse@msn.com
25               dreamweaver1873              jubythomas1873@gmail.com
26               Vaeeno              disqus002@yahoo.com
27               akaveco              akavecoo@gmail.com
28               ckolbeg42              chris+threebody@kolbegger.com
29               paulomusic              sensevisual@gmail.com
30               kevinwayne              kevinwayne@gmail.com
31               kevinwayne              kevinwayne@gmail.com
32               grundton              twuensche@imago-mundi.net
33               Alfiere              dfleba@libero.it
34               lizarking34              sompopa@yahoo.com
35               dpcoffin              dpcoffin@earthlink.net
36               rockyroller              jw48186@hotmail.com
37               jacker66              jackstratus@live.fr
38               martineder67              martin@eder.priv.at
39               DailyGrind              pwhite2@gmail.com
40               blu789              timotholt@yahoo.com
41               Alvsvartr              alvsvartr@gmail.com
42               MAXAMP              guitarmonster@sbcglobal.net
43               TrojakEW              trojakew@gmail.com
重复位置30    